cell,dataset,lmax,recon_o,recon_p,recon_e,held_o,held_p,held_e,recon_R,recon_G,recon_B,held_R,held_G,held_B,epochs,secs,params
gauss+ang,cmb,,38.70,38.47,38.69,32.13,34.02,30.64,,,,,,,500,1063,264K
gauss+ang,era5,,43.99,42.47,46.29,37.10,38.76,35.07,,,,,,,500,1025,264K
gauss+ang,etopo1,,34.81,36.34,33.06,28.44,31.82,26.54,,,,,,,500,1041,264K
gauss+ang,hdri_sky,,37.38,37.58,36.60,33.42,34.65,31.45,36.34,38.35,37.68,32.04,33.83,34.85,500,1022,264K
gauss+ang,hdri_urban,,27.23,33.98,23.29,23.05,31.59,18.84,27.31,27.88,26.60,23.14,23.50,22.55,500,1019,264K
gauss+cart,cmb,,42.27,43.68,41.77,31.39,32.19,30.60,,,,,,,500,1051,264K
gauss+cart,era5,,45.56,47.52,45.26,36.27,36.48,35.36,,,,,,,500,1058,264K
gauss+cart,etopo1,,39.77,40.89,39.44,28.32,30.79,26.87,,,,,,,500,1060,264K
gauss+cart,hdri_sky,,39.23,41.25,37.81,34.84,35.24,34.10,38.65,40.81,38.57,33.76,35.37,35.65,500,1067,264K
gauss+cart,hdri_urban,,30.99,37.14,27.54,23.68,30.93,19.68,30.75,31.47,30.78,23.67,24.15,23.25,500,1072,264K
gauss+fkan,cmb,,29.78,30.04,29.57,27.46,27.61,27.26,,,,,,,160,356,313K
gauss+fkan,era5,,42.09,43.23,41.79,29.90,29.94,29.23,,,,,,,500,1072,313K
gauss+fkan,etopo1,,38.34,39.06,38.03,24.98,27.33,23.61,,,,,,,500,1027,313K
gauss+fkan,hdri_sky,,33.50,36.32,31.88,27.50,29.66,25.83,33.12,36.24,32.10,26.59,28.60,27.54,500,1065,313K
gauss+fkan,hdri_urban,,31.12,36.07,28.26,22.52,29.50,18.65,30.95,32.06,30.49,22.36,23.12,22.14,500,1071,313K
gauss+rff,cmb,,30.40,30.50,30.24,26.85,26.94,26.69,,,,,,,160,360,280K
gauss+rff,era5,,8.83,5.82,10.01,8.74,5.67,9.96,,,,,,,120,276,280K
gauss+rff,etopo1,,11.24,10.66,11.59,11.13,10.50,11.51,,,,,,,120,275,280K
gauss+rff,hdri_sky,,9.26,9.14,10.47,9.23,9.09,10.43,9.37,9.35,9.07,9.34,9.30,9.05,140,322,280K
gauss+rff,hdri_urban,,10.53,13.86,7.35,10.51,13.79,7.35,9.91,10.48,11.34,9.88,10.44,11.32,160,362,280K
gauss+sh,cmb,32,30.18,28.56,31.71,27.31,27.44,27.13,,,,,,,140,396,542K
gauss+sh,cmb,16,30.84,30.37,31.16,26.85,26.99,26.67,,,,,,,140,336,337K
gauss+sh,era5,32,52.65,50.14,57.46,27.43,27.40,27.15,,,,,,,500,1347,542K
gauss+sh,era5,13,42.26,42.50,43.63,28.09,29.21,27.12,,,,,,,500,1128,313K
gauss+sh,etopo1,32,49.13,47.89,50.60,26.58,28.64,25.26,,,,,,,500,1339,542K
gauss+sh,etopo1,16,42.10,42.03,42.35,25.97,27.65,24.82,,,,,,,500,1151,337K
gauss+sh,hdri_sky,32,38.74,38.78,38.66,25.06,26.33,23.72,38.45,40.72,37.61,24.39,26.99,24.30,500,1362,542K
gauss+sh,hdri_sky,31,38.21,38.64,37.79,25.26,26.71,23.92,37.80,40.27,37.14,24.52,27.28,24.52,500,1340,526K
gauss+sh,hdri_urban,32,34.69,38.56,31.70,21.75,27.61,18.10,34.87,35.04,34.22,21.88,22.63,20.91,500,1398,542K
gauss+sh,hdri_urban,16,31.18,35.44,28.47,21.64,27.41,18.04,31.21,32.30,30.26,21.64,22.46,20.96,500,1143,338K
relu+ang,cmb,,29.83,30.26,29.63,29.82,30.24,29.62,,,,,,,500,1008,264K
relu+ang,era5,,32.96,32.83,34.87,32.94,32.80,34.84,,,,,,,500,878,264K
relu+ang,etopo1,,25.71,30.04,23.62,25.67,29.94,23.61,,,,,,,500,875,264K
relu+ang,hdri_sky,,26.65,26.96,25.92,26.65,26.94,25.92,25.03,26.62,29.33,25.02,26.61,29.32,500,862,264K
relu+ang,hdri_urban,,20.37,28.96,16.17,20.34,29.05,16.16,20.44,20.80,19.92,20.40,20.77,19.90,500,852,264K
relu+cart,cmb,,30.23,30.55,30.04,30.22,30.52,30.03,,,,,,,500,838,264K
relu+cart,era5,,35.44,34.56,37.45,35.40,34.49,37.41,,,,,,,500,852,264K
relu+cart,etopo1,,27.83,30.73,26.09,27.77,30.69,26.03,,,,,,,500,826,264K
relu+cart,hdri_sky,,29.61,28.73,29.65,29.59,28.69,29.63,28.04,29.60,32.11,28.02,29.58,32.10,500,850,264K
relu+cart,hdri_urban,,21.58,30.15,17.35,21.50,30.15,17.29,21.66,22.04,21.10,21.58,21.94,21.04,500,844,264K
relu+fkan,cmb,,36.83,38.44,36.06,35.34,36.35,34.63,,,,,,,500,966,313K
relu+fkan,era5,,45.32,45.93,45.59,44.29,44.53,44.76,,,,,,,500,993,313K
relu+fkan,etopo1,,32.84,36.32,31.17,31.05,34.62,29.22,,,,,,,500,987,313K
relu+fkan,hdri_sky,,39.26,38.89,39.08,37.86,37.10,37.79,37.76,39.38,41.35,36.35,37.91,40.12,500,1102,313K
relu+fkan,hdri_urban,,26.97,33.14,23.06,24.78,32.71,20.64,26.77,27.63,26.58,24.89,25.37,24.16,500,1081,313K
relu+rff,cmb,,37.85,41.15,36.47,32.99,34.20,32.01,,,,,,,500,858,280K
relu+rff,era5,,32.31,35.59,30.85,25.77,25.89,25.32,,,,,,,500,860,280K
relu+rff,etopo1,,30.23,33.37,28.90,23.44,25.00,22.29,,,,,,,500,856,280K
relu+rff,hdri_sky,,25.99,29.44,24.51,22.15,24.05,20.88,25.48,28.64,24.73,21.98,23.14,21.50,500,864,280K
relu+rff,hdri_urban,,24.39,28.55,22.22,19.96,25.44,16.72,24.22,26.11,23.29,19.98,20.77,19.26,500,862,280K
relu+sh,cmb,32,43.93,44.99,43.82,36.77,37.42,36.01,,,,,,,500,1286,542K
relu+sh,cmb,16,37.18,38.39,36.56,35.64,36.48,34.98,,,,,,,500,1036,337K
relu+sh,era5,32,56.65,55.79,58.83,48.19,47.93,48.71,,,,,,,500,1279,542K
relu+sh,era5,13,45.15,44.85,46.18,44.28,43.88,45.32,,,,,,,500,983,313K
relu+sh,etopo1,32,37.90,40.04,37.24,31.22,34.89,29.41,,,,,,,500,1306,542K
relu+sh,etopo1,16,33.25,36.77,31.54,31.20,34.83,29.37,,,,,,,500,1051,337K
relu+sh,hdri_sky,32,44.79,43.80,45.29,39.78,38.48,40.06,43.63,44.97,46.14,38.39,39.77,41.86,500,1283,542K
relu+sh,hdri_sky,31,44.53,43.70,45.00,39.77,38.49,40.04,43.35,44.74,45.87,38.35,39.78,41.85,500,1292,526K
relu+sh,hdri_urban,32,32.53,38.92,28.67,25.52,36.26,21.18,32.52,33.49,31.76,25.86,26.15,24.70,500,1315,542K
relu+sh,hdri_urban,16,26.93,34.78,22.79,24.89,34.15,20.65,26.96,27.59,26.32,25.10,25.47,24.21,500,1051,338K
ssine+ang,cmb,,32.48,33.77,31.60,32.35,33.55,31.51,,,,,,,120,274,264K
ssine+ang,era5,,38.10,37.65,39.35,38.02,37.57,39.28,,,,,,,120,268,264K
ssine+ang,etopo1,,42.03,43.54,41.93,30.24,33.18,28.57,,,,,,,500,1062,264K
ssine+ang,hdri_sky,,49.04,49.23,48.32,39.35,37.83,39.67,47.92,49.52,49.97,37.83,39.28,41.84,500,1072,264K
ssine+ang,hdri_urban,,36.75,40.54,33.97,24.94,35.60,20.59,36.40,37.23,36.64,25.30,25.56,24.11,500,1114,264K
ssine+cart,cmb,,44.74,47.33,44.08,34.92,33.69,35.23,,,,,,,500,1144,264K
ssine+cart,era5,,38.48,39.56,38.86,38.19,38.64,38.81,,,,,,,140,344,264K
ssine+cart,etopo1,,39.41,41.50,39.54,30.34,32.83,28.72,,,,,,,500,1150,264K
ssine+cart,hdri_sky,,30.29,29.66,30.12,30.26,29.58,30.09,28.89,30.32,32.34,28.85,30.28,32.30,140,327,264K
ssine+cart,hdri_urban,,35.78,40.69,32.72,25.21,38.17,20.78,35.46,36.29,35.62,25.54,25.79,24.43,500,1074,264K
ssine+fkan,cmb,,45.19,47.49,44.88,35.88,36.15,35.08,,,,,,,500,1087,313K
ssine+fkan,era5,,36.91,37.56,36.87,36.85,37.43,36.84,,,,,,,140,325,313K
ssine+fkan,etopo1,,40.26,41.74,40.89,30.40,33.53,28.61,,,,,,,500,1092,313K
ssine+fkan,hdri_sky,,31.62,32.02,31.02,31.56,31.87,30.98,30.23,31.80,33.41,30.17,31.73,33.35,160,361,313K
ssine+fkan,hdri_urban,,36.15,40.49,33.56,25.13,37.62,20.72,35.74,36.67,36.09,25.48,25.71,24.32,500,1086,313K
ssine+rff,cmb,,30.94,32.97,29.93,28.92,29.97,28.17,,,,,,,140,320,280K
ssine+rff,era5,,24.62,25.91,25.06,23.46,24.31,23.95,,,,,,,120,285,280K
ssine+rff,etopo1,,33.87,36.34,32.81,29.32,32.54,27.60,,,,,,,180,391,280K
ssine+rff,hdri_sky,,20.06,23.01,18.51,19.82,22.67,18.29,19.86,21.19,19.34,19.62,20.89,19.12,120,270,280K
ssine+rff,hdri_urban,,31.83,36.05,29.42,23.13,30.07,19.36,31.73,32.94,31.03,23.16,23.88,22.47,500,1107,280K
ssine+sh,cmb,32,38.06,39.10,37.74,32.62,31.68,32.90,,,,,,,180,534,542K
ssine+sh,cmb,16,49.20,50.16,49.82,35.32,35.36,34.75,,,,,,,500,1170,337K
ssine+sh,era5,32,40.46,41.28,41.21,40.09,40.61,40.87,,,,,,,160,472,542K
ssine+sh,era5,13,37.45,37.99,38.01,37.38,37.85,37.95,,,,,,,140,326,313K
ssine+sh,etopo1,32,54.48,50.78,63.05,29.83,32.72,28.19,,,,,,,500,1426,542K
ssine+sh,etopo1,16,43.55,43.67,45.51,30.20,33.43,28.43,,,,,,,500,1126,337K
ssine+sh,hdri_sky,32,31.81,31.19,31.50,31.63,30.86,31.39,30.61,31.95,33.25,30.44,31.76,33.08,140,424,542K
ssine+sh,hdri_sky,31,32.27,32.12,31.80,32.10,31.77,31.71,31.01,32.40,33.87,30.83,32.22,33.73,140,406,526K
ssine+sh,hdri_urban,32,22.44,31.99,18.24,22.18,31.83,17.99,22.59,22.90,21.88,22.34,22.64,21.61,120,366,542K
ssine+sh,hdri_urban,16,21.81,30.13,17.77,21.66,30.12,17.62,21.86,22.25,21.37,21.70,22.08,21.22,140,343,338K
